Levenshtein distance half,Levenshtein distance full,Levenshtein distance half words,Levenshtein distance full words,Sequence Matcher half,Sequence Matcher full,Sequence Matcher half words,Sequence Matcher full words,Cosine similarity half,Cosine similarity full,Jaccard similarity half,Jaccard similarity full,Jaccard similarity half words,Jaccard similarity full words,Jaro-winkler half,Jaro-winkler full,Jaro-winkler half words,Jaro-winkler full words
0.6817498471500418,0.705061987526057,0.7256293589360961,0.7387495496568386,0.7393475192265925,0.7692194980904644,0.7995021865402137,0.8348740839051819,0.606605993344648,0.5403767569266746,0.6924313909197874,0.7009863962385847,0.7350399736675186,0.7401422766457817,0.8514939859299139,0.8633316568639873,0.8193768918905585,0.8082511377473113
